Timestamp,Src_IP,Dst_IP,Proto,Port,Len,Alerts
08:53:18,192.168.226.128,184.105.99.43,TCP,443,205,None
08:53:18,192.168.226.128,184.105.99.43,TCP,443,570,None
08:53:18,184.105.99.43,192.168.226.128,TCP,42404,60,None
08:53:18,184.105.99.43,192.168.226.128,TCP,42404,60,None
08:53:18,184.105.99.43,192.168.226.128,TCP,42404,102,None
08:53:18,192.168.226.128,184.105.99.43,TCP,443,54,None
08:53:18,184.105.99.43,192.168.226.128,TCP,42404,608,None
08:53:18,192.168.226.128,184.105.99.43,TCP,443,54,None
08:53:22,192.168.226.128,192.168.226.2,UDP,53,74,None
08:53:22,192.168.226.128,192.168.226.2,UDP,53,74,None
08:53:22,192.168.226.128,192.168.226.2,UDP,53,74,None
08:53:22,192.168.226.2,192.168.226.128,UDP,59402,143,None
08:53:22,192.168.226.2,192.168.226.128,UDP,38505,90,None
08:53:22,192.168.226.2,192.168.226.128,UDP,38505,102,None
08:53:22,192.168.226.128,172.217.24.100,UDP,443,1294,None
08:53:22,192.168.226.128,172.217.24.100,UDP,443,1294,None
08:53:22,192.168.226.128,172.217.24.100,UDP,443,1294,None
08:53:22,192.168.226.128,172.217.24.100,UDP,443,1294,None
08:53:22,192.168.226.128,172.217.24.100,UDP,443,1200,None
08:53:22,172.217.24.100,192.168.226.128,UDP,51051,85,None
08:53:22,172.217.24.100,192.168.226.128,UDP,51051,85,None
08:53:22,172.217.24.100,192.168.226.128,UDP,51051,1294,None
08:53:22,172.217.24.100,192.168.226.128,UDP,51051,1294,None
08:53:22,192.168.226.128,172.217.24.100,UDP,443,1294,None
08:53:22,192.168.226.128,172.217.24.100,UDP,443,845,None
08:53:22,172.217.24.100,192.168.226.128,UDP,51051,1294,None
08:53:22,172.217.24.100,192.168.226.128,UDP,51051,1294,None
08:53:22,172.217.24.100,192.168.226.128,UDP,51051,351,None
08:53:22,192.168.226.128,172.217.24.100,UDP,443,200,None
08:53:22,172.217.24.100,192.168.226.128,UDP,51051,659,None
08:53:22,172.217.24.100,192.168.226.128,UDP,51051,70,None
08:53:22,172.217.24.100,192.168.226.128,UDP,51051,165,None
08:53:22,172.217.24.100,192.168.226.128,UDP,51051,67,None
08:53:22,192.168.226.128,172.217.24.100,UDP,443,73,None
08:53:22,172.217.24.100,192.168.226.128,UDP,51051,1172,None
08:53:22,192.168.226.128,172.217.24.100,UDP,443,78,None
08:53:22,172.217.24.100,192.168.226.128,UDP,51051,1172,None
08:53:22,172.217.24.100,192.168.226.128,UDP,51051,1290,None
08:53:22,172.217.24.100,192.168.226.128,UDP,51051,1294,None
08:53:22,172.217.24.100,192.168.226.128,UDP,51051,1294,None
08:53:22,172.217.24.100,192.168.226.128,UDP,51051,1294,None
08:53:22,172.217.24.100,192.168.226.128,UDP,51051,1294,None
08:53:22,172.217.24.100,192.168.226.128,UDP,51051,1294,None
08:53:22,172.217.24.100,192.168.226.128,UDP,51051,1294,None
08:53:22,172.217.24.100,192.168.226.128,UDP,51051,1294,None
08:53:22,172.217.24.100,192.168.226.128,UDP,51051,1294,None
08:53:22,172.217.24.100,192.168.226.128,UDP,51051,1294,None
08:53:22,172.217.24.100,192.168.226.128,UDP,51051,1294,None
08:53:22,172.217.24.100,192.168.226.128,UDP,51051,1294,None
08:53:22,172.217.24.100,192.168.226.128,UDP,51051,1294,None
08:53:22,172.217.24.100,192.168.226.128,UDP,51051,498,None
08:53:22,172.217.24.100,192.168.226.128,UDP,51051,1287,None
08:53:22,172.217.24.100,192.168.226.128,UDP,51051,1294,None
08:53:22,192.168.226.128,172.217.24.100,UDP,443,75,None
08:53:22,172.217.24.100,192.168.226.128,UDP,51051,1294,None
08:53:22,172.217.24.100,192.168.226.128,UDP,51051,157,None
08:53:22,172.217.24.100,192.168.226.128,UDP,51051,1172,None
08:53:22,192.168.226.128,172.217.24.100,UDP,443,77,None
08:53:22,192.168.226.128,172.217.24.100,UDP,443,1294,None
08:53:22,192.168.226.128,172.217.24.100,UDP,443,911,None
08:53:22,172.217.24.100,192.168.226.128,UDP,51051,68,None
08:53:22,192.168.226.128,172.217.24.100,UDP,443,911,None
08:53:22,192.168.226.128,172.217.24.100,UDP,443,71,None
08:53:22,172.217.24.100,192.168.226.128,UDP,51051,73,None
08:53:22,192.168.226.128,172.217.24.100,UDP,443,73,None
08:53:22,172.217.24.100,192.168.226.128,UDP,51051,70,None
08:53:22,172.217.24.100,192.168.226.128,UDP,51051,68,None
08:53:22,192.168.226.128,192.168.226.2,UDP,53,74,None
08:53:22,192.168.226.128,192.168.226.2,UDP,53,74,None
08:53:22,192.168.226.128,192.168.226.2,UDP,53,74,None
08:53:22,192.168.226.2,192.168.226.128,UDP,52583,144,None
08:53:22,192.168.226.2,192.168.226.128,UDP,49861,110,None
08:53:22,192.168.226.2,192.168.226.128,UDP,49861,122,None
08:53:22,192.168.226.128,142.250.207.78,UDP,443,1294,None
08:53:22,192.168.226.128,142.250.207.78,UDP,443,1294,None
08:53:22,192.168.226.128,142.250.207.78,UDP,443,1294,None
08:53:22,192.168.226.128,142.250.207.78,UDP,443,1294,None
08:53:22,192.168.226.128,142.250.207.78,UDP,443,450,None
08:53:22,142.250.207.78,192.168.226.128,UDP,50159,85,None
08:53:22,142.250.207.78,192.168.226.128,UDP,50159,85,None
08:53:22,142.250.207.78,192.168.226.128,UDP,50159,1294,None
08:53:22,142.250.207.78,192.168.226.128,UDP,50159,1294,None
08:53:22,192.168.226.128,142.250.207.78,UDP,443,1294,None
08:53:22,192.168.226.128,142.250.207.78,UDP,443,1139,None
08:53:22,172.217.24.100,192.168.226.128,UDP,51051,338,None
08:53:22,192.168.226.128,172.217.24.100,UDP,443,84,None
08:53:22,172.217.24.100,192.168.226.128,UDP,51051,66,None
08:53:22,142.250.207.78,192.168.226.128,UDP,50159,1294,None
08:53:22,172.217.24.100,192.168.226.128,UDP,51051,73,None
08:53:22,192.168.226.128,172.217.24.100,UDP,443,73,None
08:53:22,142.250.207.78,192.168.226.128,UDP,50159,1294,None
08:53:22,142.250.207.78,192.168.226.128,UDP,50159,351,None
08:53:22,142.250.207.78,192.168.226.128,UDP,50159,659,None
08:53:22,142.250.207.78,192.168.226.128,UDP,50159,70,None
08:53:22,142.250.207.78,192.168.226.128,UDP,50159,67,None
08:53:22,192.168.226.128,142.250.207.78,UDP,443,271,None
08:53:22,142.250.207.78,192.168.226.128,UDP,50159,165,None
08:53:22,192.168.226.128,142.250.207.78,UDP,443,74,None
08:53:22,172.217.24.100,192.168.226.128,UDP,51051,1287,None
08:53:22,172.217.24.100,192.168.226.128,UDP,51051,1294,None
08:53:22,172.217.24.100,192.168.226.128,UDP,51051,1294,None
08:53:22,172.217.24.100,192.168.226.128,UDP,51051,754,None
08:53:22,172.217.24.100,192.168.226.128,UDP,51051,876,None
08:53:22,192.168.226.128,172.217.24.100,UDP,443,73,None
08:53:22,142.250.207.78,192.168.226.128,UDP,50159,165,None
08:53:22,172.217.24.100,192.168.226.128,UDP,51051,1287,None
08:53:22,172.217.24.100,192.168.226.128,UDP,51051,1294,None
08:53:22,172.217.24.100,192.168.226.128,UDP,51051,1294,None
08:53:22,192.168.226.128,142.250.207.78,UDP,443,75,None
08:53:22,192.168.226.128,172.217.24.100,UDP,443,73,None
08:53:22,172.217.24.100,192.168.226.128,UDP,51051,1294,None
08:53:22,172.217.24.100,192.168.226.128,UDP,51051,1294,None
08:53:22,172.217.24.100,192.168.226.128,UDP,51051,1294,None
08:53:22,172.217.24.100,192.168.226.128,UDP,51051,1294,None
08:53:22,172.217.24.100,192.168.226.128,UDP,51051,1294,None
08:53:22,172.217.24.100,192.168.226.128,UDP,51051,1294,None
08:53:22,172.217.24.100,192.168.226.128,UDP,51051,1294,None
08:53:22,172.217.24.100,192.168.226.128,UDP,51051,1294,None
08:53:22,172.217.24.100,192.168.226.128,UDP,51051,1294,None
08:53:22,172.217.24.100,192.168.226.128,UDP,51051,1294,None
08:53:22,172.217.24.100,192.168.226.128,UDP,51051,1286,None
08:53:22,172.217.24.100,192.168.226.128,UDP,51051,1294,None
08:53:22,172.217.24.100,192.168.226.128,UDP,51051,1294,None
08:53:22,172.217.24.100,192.168.226.128,UDP,51051,1294,None
08:53:22,172.217.24.100,192.168.226.128,UDP,51051,379,None
08:53:22,192.168.226.128,172.217.24.100,UDP,443,74,None
08:53:22,192.168.226.128,172.217.24.100,UDP,443,74,None
08:53:22,142.250.207.78,192.168.226.128,UDP,50159,1290,None
08:53:22,142.250.207.78,192.168.226.128,UDP,50159,1195,None
08:53:22,192.168.226.128,142.250.207.78,UDP,443,81,None
08:53:22,172.217.24.100,192.168.226.128,UDP,51051,1287,None
08:53:22,172.217.24.100,192.168.226.128,UDP,51051,86,None
08:53:22,192.168.226.128,172.217.24.100,UDP,443,74,None
08:53:22,172.217.24.100,192.168.226.128,UDP,51051,1287,None
08:53:22,172.217.24.100,192.168.226.128,UDP,51051,758,None
08:53:22,192.168.226.128,172.217.24.100,UDP,443,74,None
08:53:22,172.217.24.100,192.168.226.128,UDP,51051,1287,None
08:53:22,172.217.24.100,192.168.226.128,UDP,51051,1294,None
08:53:22,172.217.24.100,192.168.226.128,UDP,51051,1294,None
08:53:22,172.217.24.100,192.168.226.128,UDP,51051,1294,None
08:53:22,172.217.24.100,192.168.226.128,UDP,51051,1294,None
08:53:22,172.217.24.100,192.168.226.128,UDP,51051,1294,None
08:53:22,172.217.24.100,192.168.226.128,UDP,51051,922,None
08:53:22,192.168.226.128,172.217.24.100,UDP,443,74,None
08:53:22,172.217.24.100,192.168.226.128,UDP,51051,1287,None
08:53:22,172.217.24.100,192.168.226.128,UDP,51051,1294,None
08:53:22,172.217.24.100,192.168.226.128,UDP,51051,926,None
08:53:22,172.217.24.100,192.168.226.128,UDP,51051,137,None
08:53:22,192.168.226.128,172.217.24.100,UDP,443,74,None
08:53:22,172.217.24.100,192.168.226.128,UDP,51051,1287,None
08:53:22,172.217.24.100,192.168.226.128,UDP,51051,1294,None
08:53:22,172.217.24.100,192.168.226.128,UDP,51051,1294,None
08:53:22,192.168.226.128,172.217.24.100,UDP,443,74,None
08:53:22,172.217.24.100,192.168.226.128,UDP,51051,1294,None
08:53:22,172.217.24.100,192.168.226.128,UDP,51051,1294,None
08:53:22,172.217.24.100,192.168.226.128,UDP,51051,1294,None
08:53:22,172.217.24.100,192.168.226.128,UDP,51051,1294,None
08:53:22,172.217.24.100,192.168.226.128,UDP,51051,1294,None
08:53:22,172.217.24.100,192.168.226.128,UDP,51051,1294,None
08:53:22,172.217.24.100,192.168.226.128,UDP,51051,1294,None
08:53:22,172.217.24.100,192.168.226.128,UDP,51051,1294,None
08:53:22,172.217.24.100,192.168.226.128,UDP,51051,1294,None
08:53:22,172.217.24.100,192.168.226.128,UDP,51051,857,None
08:53:22,172.217.24.100,192.168.226.128,UDP,51051,822,None
08:53:22,192.168.226.128,172.217.24.100,UDP,443,74,None
08:53:22,192.168.226.128,192.168.226.2,UDP,53,84,None
08:53:22,192.168.226.128,192.168.226.2,UDP,53,84,None
08:53:22,192.168.226.128,192.168.226.2,UDP,53,84,None
08:53:22,142.250.207.78,192.168.226.128,UDP,50159,69,None
08:53:22,192.168.226.128,172.217.24.100,UDP,443,1294,None
08:53:23,192.168.226.128,172.217.24.100,UDP,443,900,None
08:53:23,192.168.226.2,192.168.226.128,UDP,48861,125,None
08:53:23,192.168.226.2,192.168.226.128,UDP,33479,100,None
08:53:23,192.168.226.2,192.168.226.128,UDP,33479,141,None
08:53:23,172.217.24.100,192.168.226.128,UDP,51051,73,None
08:53:23,192.168.226.128,172.217.24.100,UDP,443,74,None
08:53:23,192.168.226.128,142.250.77.98,UDP,443,1294,None
08:53:23,192.168.226.128,142.250.77.98,UDP,443,1294,None
08:53:23,192.168.226.128,142.250.77.98,UDP,443,1294,None
08:53:23,142.250.77.98,192.168.226.128,UDP,57241,85,None
08:53:23,142.250.77.98,192.168.226.128,UDP,57241,85,None
08:53:23,142.250.77.98,192.168.226.128,UDP,57241,1294,None
08:53:23,142.250.77.98,192.168.226.128,UDP,57241,1294,None
08:53:23,192.168.226.128,142.250.77.98,UDP,443,1294,None
08:53:23,142.250.77.98,192.168.226.128,UDP,57241,1294,None
08:53:23,142.250.77.98,192.168.226.128,UDP,57241,1294,None
08:53:23,142.250.77.98,192.168.226.128,UDP,57241,348,None
08:53:23,142.250.77.98,192.168.226.128,UDP,57241,659,None
08:53:23,142.250.77.98,192.168.226.128,UDP,57241,70,None
08:53:23,192.168.226.128,142.250.77.98,UDP,443,270,None
08:53:23,142.250.77.98,192.168.226.128,UDP,57241,165,None
08:53:23,142.250.77.98,192.168.226.128,UDP,57241,67,None
08:53:23,192.168.226.128,142.250.77.98,UDP,443,73,None
08:53:23,172.217.24.100,192.168.226.128,UDP,51051,1287,None
08:53:23,172.217.24.100,192.168.226.128,UDP,51051,1294,None
08:53:23,172.217.24.100,192.168.226.128,UDP,51051,1294,None
08:53:23,172.217.24.100,192.168.226.128,UDP,51051,1294,None
08:53:23,172.217.24.100,192.168.226.128,UDP,51051,1294,None
08:53:23,172.217.24.100,192.168.226.128,UDP,51051,1294,None
08:53:23,172.217.24.100,192.168.226.128,UDP,51051,1294,None
08:53:23,172.217.24.100,192.168.226.128,UDP,51051,1294,None
08:53:23,172.217.24.100,192.168.226.128,UDP,51051,1294,None
08:53:23,172.217.24.100,192.168.226.128,UDP,51051,1294,None
08:53:23,172.217.24.100,192.168.226.128,UDP,51051,1294,None
08:53:23,172.217.24.100,192.168.226.128,UDP,51051,1294,None
08:53:23,172.217.24.100,192.168.226.128,UDP,51051,1224,None
08:53:23,172.217.24.100,192.168.226.128,UDP,51051,1287,None
08:53:23,172.217.24.100,192.168.226.128,UDP,51051,1294,None
08:53:23,172.217.24.100,192.168.226.128,UDP,51051,1294,None
08:53:23,172.217.24.100,192.168.226.128,UDP,51051,1294,None
08:53:23,172.217.24.100,192.168.226.128,UDP,51051,1294,None
08:53:23,172.217.24.100,192.168.226.128,UDP,51051,1294,None
08:53:23,172.217.24.100,192.168.226.128,UDP,51051,1294,None
08:53:23,172.217.24.100,192.168.226.128,UDP,51051,1294,None
08:53:23,172.217.24.100,192.168.226.128,UDP,51051,1294,None
08:53:23,172.217.24.100,192.168.226.128,UDP,51051,1294,None
08:53:23,172.217.24.100,192.168.226.128,UDP,51051,1294,None
08:53:23,172.217.24.100,192.168.226.128,UDP,51051,1294,None
08:53:23,172.217.24.100,192.168.226.128,UDP,51051,1294,None
08:53:23,192.168.226.128,172.217.24.100,UDP,443,75,None
08:53:23,172.217.24.100,192.168.226.128,UDP,51051,554,None
08:53:23,172.217.24.100,192.168.226.128,UDP,51051,1287,None
08:53:23,172.217.24.100,192.168.226.128,UDP,51051,1294,None
08:53:23,172.217.24.100,192.168.226.128,UDP,51051,1294,None
08:53:23,172.217.24.100,192.168.226.128,UDP,51051,1294,None
08:53:23,172.217.24.100,192.168.226.128,UDP,51051,1294,None
08:53:23,172.217.24.100,192.168.226.128,UDP,51051,1294,None
08:53:23,172.217.24.100,192.168.226.128,UDP,51051,1294,None
08:53:23,192.168.226.128,172.217.24.100,UDP,443,75,None
08:53:23,172.217.24.100,192.168.226.128,UDP,51051,1294,None
08:53:23,172.217.24.100,192.168.226.128,UDP,51051,1294,None
08:53:23,172.217.24.100,192.168.226.128,UDP,51051,1294,None
08:53:23,172.217.24.100,192.168.226.128,UDP,51051,1294,None
08:53:23,172.217.24.100,192.168.226.128,UDP,51051,1294,None
08:53:23,172.217.24.100,192.168.226.128,UDP,51051,1294,None
08:53:23,192.168.226.128,172.217.24.100,UDP,443,75,None
08:53:23,172.217.24.100,192.168.226.128,UDP,51051,1294,None
08:53:23,172.217.24.100,192.168.226.128,UDP,51051,1294,None
08:53:23,172.217.24.100,192.168.226.128,UDP,51051,1294,None
08:53:23,172.217.24.100,192.168.226.128,UDP,51051,1294,None
08:53:23,172.217.24.100,192.168.226.128,UDP,51051,1294,None
08:53:23,192.168.226.128,142.250.77.98,UDP,443,78,None
08:53:23,192.168.226.128,172.217.24.100,UDP,443,1294,None
08:53:23,172.217.24.100,192.168.226.128,UDP,51051,1294,None
08:53:23,192.168.226.128,192.168.226.2,UDP,53,85,None
08:53:23,192.168.226.128,192.168.226.2,UDP,53,85,None
08:53:23,192.168.226.128,192.168.226.2,UDP,53,85,None
08:53:23,172.217.24.100,192.168.226.128,UDP,51051,69,None
08:53:23,192.168.226.2,192.168.226.128,UDP,51761,171,None
08:53:23,192.168.226.2,192.168.226.128,UDP,56548,130,None
08:53:23,192.168.226.2,192.168.226.128,UDP,56548,142,None
08:53:23,192.168.226.128,192.168.226.2,UDP,53,75,None
08:53:23,192.168.226.128,142.251.220.97,UDP,443,1294,None
08:53:23,192.168.226.128,142.251.220.97,UDP,443,1294,None
08:53:23,192.168.226.128,142.251.220.97,UDP,443,1294,None
08:53:23,192.168.226.128,142.251.220.97,UDP,443,733,None
08:53:23,192.168.226.128,192.168.226.2,UDP,53,75,None
08:53:23,192.168.226.128,192.168.226.2,UDP,53,75,None
08:53:23,172.217.24.100,192.168.226.128,UDP,51051,1287,None
08:53:23,172.217.24.100,192.168.226.128,UDP,51051,1294,None
08:53:23,192.168.226.2,192.168.226.128,UDP,57711,132,None
08:53:23,192.168.226.2,192.168.226.128,UDP,51891,91,None
08:53:23,192.168.226.128,142.251.221.195,UDP,443,1294,None
08:53:23,192.168.226.128,142.251.221.195,UDP,443,1294,None
08:53:23,192.168.226.128,142.251.221.195,UDP,443,1294,None
08:53:23,142.251.221.195,192.168.226.128,UDP,39234,85,None
08:53:23,142.251.221.195,192.168.226.128,UDP,39234,85,None
08:53:23,142.251.221.195,192.168.226.128,UDP,39234,1294,None
08:53:23,142.251.221.195,192.168.226.128,UDP,39234,1294,None
08:53:23,192.168.226.128,142.251.220.97,UDP,443,1294,None
08:53:23,192.168.226.128,142.251.220.97,UDP,443,205,None
08:53:23,192.168.226.128,142.251.221.195,UDP,443,1294,None
08:53:23,142.251.220.97,192.168.226.128,UDP,40651,1294,None
08:53:23,142.251.220.97,192.168.226.128,UDP,40651,345,None
08:53:23,142.251.220.97,192.168.226.128,UDP,40651,659,None
08:53:23,142.251.220.97,192.168.226.128,UDP,40651,70,None
08:53:23,142.251.221.195,192.168.226.128,UDP,39234,1294,None
08:53:23,142.251.220.97,192.168.226.128,UDP,40651,67,None
08:53:23,192.168.226.128,192.168.226.2,UDP,53,78,None
08:53:23,192.168.226.128,192.168.226.2,UDP,53,78,None
08:53:23,192.168.226.128,192.168.226.2,UDP,53,78,None
08:53:23,192.168.226.128,142.251.220.97,UDP,443,270,None
08:53:23,192.168.226.2,192.168.226.128,UDP,48187,135,None
08:53:23,192.168.226.2,192.168.226.128,UDP,48611,94,None
08:53:23,192.168.226.2,192.168.226.128,UDP,48611,106,None
08:53:23,142.251.221.195,192.168.226.128,UDP,39234,1294,None
08:53:23,142.251.221.195,192.168.226.128,UDP,39234,358,None
08:53:23,142.251.221.195,192.168.226.128,UDP,39234,659,None
08:53:23,142.251.221.195,192.168.226.128,UDP,39234,70,None
08:53:23,142.251.220.97,192.168.226.128,UDP,40651,165,None
08:53:23,192.168.226.128,142.251.221.195,UDP,443,199,None
08:53:23,192.168.226.128,142.251.43.49,UDP,443,1294,None
08:53:23,192.168.226.128,142.251.43.49,UDP,443,1294,None
08:53:23,192.168.226.128,142.251.43.49,UDP,443,1294,None
08:53:23,142.251.221.195,192.168.226.128,UDP,39234,165,None
08:53:23,142.251.43.49,192.168.226.128,UDP,36015,85,None
08:53:23,142.251.43.49,192.168.226.128,UDP,36015,85,None
08:53:23,192.168.226.128,142.251.220.97,UDP,443,74,None
08:53:23,142.251.43.49,192.168.226.128,UDP,36015,1294,None
08:53:23,142.251.43.49,192.168.226.128,UDP,36015,1294,None
08:53:23,172.217.24.100,192.168.226.128,UDP,51051,271,None
08:53:23,172.217.24.100,192.168.226.128,UDP,51051,67,None
08:53:23,192.168.226.128,172.217.24.100,UDP,443,80,None
08:53:23,192.168.226.128,142.251.221.195,UDP,443,74,None
08:53:23,142.251.43.49,192.168.226.128,UDP,36015,1294,None
08:53:23,142.251.43.49,192.168.226.128,UDP,36015,343,None
08:53:23,142.251.43.49,192.168.226.128,UDP,36015,659,None
08:53:23,192.168.226.128,142.251.43.49,UDP,443,1294,None
08:53:23,192.168.226.128,142.251.43.49,UDP,443,1294,None
08:53:23,192.168.226.128,142.251.43.49,UDP,443,1134,None
08:53:23,142.251.220.97,192.168.226.128,UDP,40651,740,None
08:53:23,142.251.220.97,192.168.226.128,UDP,40651,67,None
08:53:23,142.251.43.49,192.168.226.128,UDP,36015,70,None
08:53:23,142.251.43.49,192.168.226.128,UDP,36015,165,None
08:53:23,142.251.43.49,192.168.226.128,UDP,36015,68,None
08:53:23,192.168.226.128,142.251.220.97,UDP,443,78,None
08:53:23,192.168.226.128,192.168.226.2,UDP,53,88,None
08:53:23,192.168.226.128,192.168.226.2,UDP,53,88,None
08:53:23,192.168.226.128,192.168.226.2,UDP,53,88,None
08:53:23,192.168.226.2,192.168.226.128,UDP,58277,138,None
08:53:23,192.168.226.2,192.168.226.128,UDP,44052,104,None
08:53:23,192.168.226.2,192.168.226.128,UDP,44052,116,None
08:53:23,192.168.226.128,142.251.222.170,UDP,443,1294,None
08:53:23,192.168.226.128,142.251.222.170,UDP,443,1294,None
08:53:23,192.168.226.128,142.251.222.170,UDP,443,1294,None
08:53:23,192.168.226.128,142.251.222.170,UDP,443,1294,None
08:53:23,192.168.226.128,142.251.222.170,UDP,443,1294,None
08:53:23,192.168.226.128,142.251.222.170,UDP,443,1294,None
08:53:23,172.217.24.100,192.168.226.128,UDP,51051,70,None
08:53:23,142.251.222.170,192.168.226.128,UDP,44083,85,None
08:53:23,142.251.222.170,192.168.226.128,UDP,44083,85,None
08:53:23,142.251.222.170,192.168.226.128,UDP,56588,85,None
08:53:23,192.168.226.128,142.251.222.170,UDP,443,1294,None
08:53:23,142.251.220.97,192.168.226.128,UDP,40651,69,None
08:53:23,192.168.226.128,142.251.222.170,UDP,443,270,None
08:53:23,192.168.226.128,142.251.222.170,UDP,443,270,None
08:53:23,192.168.226.128,142.251.43.49,UDP,443,74,None
08:53:23,142.251.222.170,192.168.226.128,UDP,56588,165,None
08:53:23,142.251.222.170,192.168.226.128,UDP,56588,67,None
08:53:23,142.251.43.49,192.168.226.128,UDP,36015,1183,None
08:53:23,142.251.222.170,192.168.226.128,UDP,44083,165,None
08:53:23,192.168.226.128,142.251.222.170,UDP,443,73,None
08:53:23,192.168.226.128,142.251.43.49,UDP,443,73,None
08:53:23,142.251.43.49,192.168.226.128,UDP,36015,73,None
08:53:23,192.168.226.128,192.168.226.2,UDP,53,79,None
08:53:23,192.168.226.128,192.168.226.2,UDP,53,79,None
08:53:23,192.168.226.2,192.168.226.128,UDP,54948,129,None
08:53:23,192.168.226.2,192.168.226.128,UDP,42100,95,None
08:53:23,192.168.226.2,192.168.226.128,UDP,42100,107,None
08:53:23,192.168.226.128,142.251.10.84,UDP,443,1294,None
08:53:23,192.168.226.128,142.251.10.84,UDP,443,1294,None
08:53:23,192.168.226.128,142.251.10.84,UDP,443,1294,None
08:53:23,142.251.222.170,192.168.226.128,UDP,56588,362,None
08:53:23,192.168.226.128,142.251.10.84,UDP,443,1223,None
08:53:23,192.168.226.128,142.251.222.170,UDP,443,1294,None
08:53:23,192.168.226.128,142.251.222.170,UDP,443,1267,None
08:53:23,142.251.222.170,192.168.226.128,UDP,44083,72,None
08:53:23,192.168.226.128,142.251.222.170,UDP,443,73,None
08:53:23,142.251.222.170,192.168.226.128,UDP,56588,69,None
08:53:23,142.251.10.84,192.168.226.128,UDP,56221,85,None
08:53:23,142.251.10.84,192.168.226.128,UDP,56221,85,None
08:53:23,142.251.10.84,192.168.226.128,UDP,56221,1294,None
08:53:23,142.251.10.84,192.168.226.128,UDP,56221,1294,None
08:53:23,142.251.10.84,192.168.226.128,UDP,56221,1294,None
08:53:23,142.251.10.84,192.168.226.128,UDP,56221,354,None
08:53:23,142.251.10.84,192.168.226.128,UDP,56221,659,None
08:53:23,142.251.10.84,192.168.226.128,UDP,56221,69,None
08:53:23,192.168.226.128,142.251.10.84,UDP,443,270,None
08:53:23,142.251.10.84,192.168.226.128,UDP,56221,1290,None
08:53:23,142.251.10.84,192.168.226.128,UDP,56221,1095,None
08:53:23,142.251.10.84,192.168.226.128,UDP,56221,324,None
08:53:23,192.168.226.128,142.251.10.84,UDP,443,79,None
08:53:23,142.251.222.170,192.168.226.128,UDP,44083,875,None
08:53:23,142.251.222.170,192.168.226.128,UDP,44083,125,None
08:53:23,192.168.226.128,142.251.222.170,UDP,443,78,None
08:53:23,192.168.226.128,142.251.221.195,UDP,443,382,None
08:53:23,142.251.10.84,192.168.226.128,UDP,56221,165,None
08:53:23,192.168.226.128,142.251.221.195,UDP,443,72,None
08:53:23,142.251.221.195,192.168.226.128,UDP,39234,472,None
08:53:23,142.251.221.195,192.168.226.128,UDP,39234,1290,None
08:53:23,142.251.221.195,192.168.226.128,UDP,39234,242,None
08:53:23,142.251.221.195,192.168.226.128,UDP,39234,74,None
08:53:23,192.168.226.128,142.251.221.195,UDP,443,78,None
08:53:23,142.251.222.170,192.168.226.128,UDP,44083,69,None
08:53:23,192.168.226.128,142.251.10.84,UDP,443,74,None
08:53:23,142.251.10.84,192.168.226.128,UDP,56221,69,None
08:53:23,142.251.221.195,192.168.226.128,UDP,39234,69,None
08:53:23,192.168.226.128,172.217.24.100,UDP,443,1294,None
08:53:23,192.168.226.128,172.217.24.100,UDP,443,1186,None
08:53:23,172.217.24.100,192.168.226.128,UDP,51051,73,None
08:53:23,192.168.226.128,172.217.24.100,UDP,443,75,None
08:53:23,192.168.226.128,172.217.24.100,UDP,443,1294,None
08:53:23,192.168.226.128,172.217.24.100,UDP,443,885,None
08:53:23,172.217.24.100,192.168.226.128,UDP,51051,73,None
08:53:23,192.168.226.128,172.217.24.100,UDP,443,75,None
08:53:23,172.217.24.100,192.168.226.128,UDP,51051,247,None
08:53:23,172.217.24.100,192.168.226.128,UDP,51051,67,None
08:53:23,172.217.24.100,192.168.226.128,UDP,51051,247,None
08:53:23,172.217.24.100,192.168.226.128,UDP,51051,67,None
08:53:23,172.217.24.100,192.168.226.128,UDP,51051,247,None
08:53:23,192.168.226.128,172.217.24.100,UDP,443,84,None
08:53:23,192.168.226.128,172.217.24.100,UDP,443,74,None
08:53:23,192.168.226.128,172.217.24.100,UDP,443,71,None
08:53:23,172.217.24.100,192.168.226.128,UDP,51051,70,None
08:53:23,172.217.24.100,192.168.226.128,UDP,51051,69,None
08:53:23,192.168.226.128,172.217.24.100,UDP,443,1294,None
08:53:23,192.168.226.128,172.217.24.100,UDP,443,1294,None
08:53:23,192.168.226.128,172.217.24.100,UDP,443,158,None
08:53:23,192.168.226.128,172.217.24.100,UDP,443,1294,None
08:53:23,192.168.226.128,172.217.24.100,UDP,443,1237,None
08:53:23,172.217.24.100,192.168.226.128,UDP,51051,69,None
08:53:23,172.217.24.100,192.168.226.128,UDP,51051,73,None
08:53:23,192.168.226.128,172.217.24.100,UDP,443,74,None
08:53:23,172.217.24.100,192.168.226.128,UDP,51051,74,None
08:53:23,192.168.226.128,172.217.24.100,UDP,443,74,None
08:53:24,172.217.24.100,192.168.226.128,UDP,51051,1133,None
08:53:24,172.217.24.100,192.168.226.128,UDP,51051,948,None
08:53:24,172.217.24.100,192.168.226.128,UDP,51051,1289,None
08:53:24,172.217.24.100,192.168.226.128,UDP,51051,72,None
08:53:24,172.217.24.100,192.168.226.128,UDP,51051,1289,None
08:53:24,172.217.24.100,192.168.226.128,UDP,51051,75,None
08:53:24,172.217.24.100,192.168.226.128,UDP,51051,1289,None
08:53:24,172.217.24.100,192.168.226.128,UDP,51051,1294,None
08:53:24,172.217.24.100,192.168.226.128,UDP,51051,74,None
08:53:24,172.217.24.100,192.168.226.128,UDP,51051,1289,None
08:53:24,172.217.24.100,192.168.226.128,UDP,51051,1294,None
08:53:24,172.217.24.100,192.168.226.128,UDP,51051,71,None
08:53:24,172.217.24.100,192.168.226.128,UDP,51051,737,None
08:53:24,192.168.226.128,172.217.24.100,UDP,443,80,None
08:53:24,192.168.226.128,172.217.24.100,UDP,443,74,None
08:53:24,192.168.226.128,172.217.24.100,UDP,443,71,None
08:53:24,172.217.24.100,192.168.226.128,UDP,51051,70,None
08:53:24,172.217.24.100,192.168.226.128,UDP,51051,69,None
08:53:24,192.168.226.128,172.217.24.100,UDP,443,1294,None
08:53:24,192.168.226.128,172.217.24.100,UDP,443,1294,None
08:53:24,192.168.226.128,172.217.24.100,UDP,443,786,None
08:53:24,192.168.226.128,172.217.24.100,UDP,443,1294,None
08:53:24,192.168.226.128,172.217.24.100,UDP,443,983,None
08:53:24,172.217.24.100,192.168.226.128,UDP,51051,69,None
08:53:24,172.217.24.100,192.168.226.128,UDP,51051,73,None
08:53:24,192.168.226.128,172.217.24.100,UDP,443,74,None
08:53:24,192.168.226.128,172.217.24.100,UDP,443,1294,None
08:53:24,192.168.226.128,172.217.24.100,UDP,443,1294,None
08:53:24,192.168.226.128,172.217.24.100,UDP,443,1250,None
08:53:24,172.217.24.100,192.168.226.128,UDP,51051,74,None
08:53:24,192.168.226.128,172.217.24.100,UDP,443,74,None
08:53:24,172.217.24.100,192.168.226.128,UDP,51051,74,None
08:53:24,192.168.226.128,142.251.221.195,UDP,443,1294,None
08:53:24,192.168.226.128,142.251.221.195,UDP,443,115,None
08:53:24,192.168.226.128,172.217.24.100,UDP,443,75,None
08:53:24,142.251.221.195,192.168.226.128,UDP,39234,70,None
08:53:24,142.251.221.195,192.168.226.128,UDP,39234,72,None
08:53:24,192.168.226.128,142.251.221.195,UDP,443,73,None
08:53:24,172.217.24.100,192.168.226.128,UDP,51051,1290,None
08:53:24,172.217.24.100,192.168.226.128,UDP,51051,93,None
08:53:24,172.217.24.100,192.168.226.128,UDP,51051,1289,None
08:53:24,172.217.24.100,192.168.226.128,UDP,51051,1294,None
08:53:24,192.168.226.128,172.217.24.100,UDP,443,79,None
08:53:24,172.217.24.100,192.168.226.128,UDP,51051,1294,None
08:53:24,172.217.24.100,192.168.226.128,UDP,51051,1294,None
08:53:24,172.217.24.100,192.168.226.128,UDP,51051,790,None
08:53:24,172.217.24.100,192.168.226.128,UDP,51051,253,None
08:53:24,192.168.226.128,172.217.24.100,UDP,443,74,None
08:53:24,192.168.226.128,172.217.24.100,UDP,443,73,None
08:53:24,192.168.226.128,172.217.24.100,UDP,443,71,None
08:53:24,172.217.24.100,192.168.226.128,UDP,51051,71,None
08:53:24,172.217.24.100,192.168.226.128,UDP,51051,247,None
08:53:24,172.217.24.100,192.168.226.128,UDP,51051,67,None
08:53:24,172.217.24.100,192.168.226.128,UDP,51051,1290,None
08:53:24,172.217.24.100,192.168.226.128,UDP,51051,1294,None
08:53:24,142.251.221.195,192.168.226.128,UDP,39234,1290,None
08:53:24,142.251.221.195,192.168.226.128,UDP,39234,1294,None
08:53:24,142.251.221.195,192.168.226.128,UDP,39234,1294,None
08:53:24,142.251.221.195,192.168.226.128,UDP,39234,1294,None
08:53:24,142.251.221.195,192.168.226.128,UDP,39234,1294,None
08:53:24,142.251.221.195,192.168.226.128,UDP,39234,1294,None
08:53:24,142.251.221.195,192.168.226.128,UDP,39234,1294,None
08:53:24,142.251.221.195,192.168.226.128,UDP,39234,1294,None
08:53:24,142.251.221.195,192.168.226.128,UDP,39234,1294,None
08:53:24,142.251.221.195,192.168.226.128,UDP,39234,1294,None
08:53:24,142.251.221.195,192.168.226.128,UDP,39234,1116,None
08:53:24,142.251.221.195,192.168.226.128,UDP,39234,1289,None
08:53:24,142.251.221.195,192.168.226.128,UDP,39234,1294,None
08:53:24,142.251.221.195,192.168.226.128,UDP,39234,1294,None
08:53:24,142.251.221.195,192.168.226.128,UDP,39234,1294,None
08:53:24,142.251.221.195,192.168.226.128,UDP,39234,1294,None
08:53:24,142.251.221.195,192.168.226.128,UDP,39234,1294,None
08:53:24,142.251.221.195,192.168.226.128,UDP,39234,1294,None
08:53:24,142.251.221.195,192.168.226.128,UDP,39234,1294,None
08:53:24,142.251.221.195,192.168.226.128,UDP,39234,1294,None
08:53:24,142.251.221.195,192.168.226.128,UDP,39234,1294,None
08:53:24,142.251.221.195,192.168.226.128,UDP,39234,1294,None
08:53:24,172.217.24.100,192.168.226.128,UDP,51051,1294,None
08:53:24,172.217.24.100,192.168.226.128,UDP,51051,1294,None
08:53:24,172.217.24.100,192.168.226.128,UDP,51051,1294,None
08:53:24,172.217.24.100,192.168.226.128,UDP,51051,1294,None
08:53:24,172.217.24.100,192.168.226.128,UDP,51051,1294,None
08:53:24,172.217.24.100,192.168.226.128,UDP,51051,1294,None
08:53:24,172.217.24.100,192.168.226.128,UDP,51051,1294,None
08:53:24,172.217.24.100,192.168.226.128,UDP,51051,1294,None
08:53:24,172.217.24.100,192.168.226.128,UDP,51051,1294,None
08:53:24,172.217.24.100,192.168.226.128,UDP,51051,1294,None
08:53:24,172.217.24.100,192.168.226.128,UDP,51051,1294,None
08:53:24,172.217.24.100,192.168.226.128,UDP,51051,1294,None
08:53:24,172.217.24.100,192.168.226.128,UDP,51051,1294,None
08:53:24,172.217.24.100,192.168.226.128,UDP,51051,1294,None
08:53:24,172.217.24.100,192.168.226.128,UDP,51051,1294,None
08:53:24,172.217.24.100,192.168.226.128,UDP,51051,1294,None
08:53:24,192.168.226.128,172.217.24.100,UDP,443,80,None
08:53:24,192.168.226.128,142.251.221.195,UDP,443,78,None
08:53:24,172.217.24.100,192.168.226.128,UDP,51051,1294,None
08:53:24,172.217.24.100,192.168.226.128,UDP,51051,1294,None
08:53:24,172.217.24.100,192.168.226.128,UDP,51051,1294,None
08:53:24,172.217.24.100,192.168.226.128,UDP,51051,1294,None
08:53:24,172.217.24.100,192.168.226.128,UDP,51051,1294,None
08:53:24,172.217.24.100,192.168.226.128,UDP,51051,1294,None
08:53:24,172.217.24.100,192.168.226.128,UDP,51051,246,None
08:53:24,172.217.24.100,192.168.226.128,UDP,51051,1287,None
08:53:24,172.217.24.100,192.168.226.128,UDP,51051,1294,None
08:53:24,172.217.24.100,192.168.226.128,UDP,51051,1294,None
08:53:24,172.217.24.100,192.168.226.128,UDP,51051,1294,None
08:53:24,172.217.24.100,192.168.226.128,UDP,51051,1294,None
08:53:24,172.217.24.100,192.168.226.128,UDP,51051,1294,None
08:53:24,172.217.24.100,192.168.226.128,UDP,51051,1294,None
08:53:24,172.217.24.100,192.168.226.128,UDP,51051,1294,None
08:53:24,172.217.24.100,192.168.226.128,UDP,51051,1294,None
08:53:24,172.217.24.100,192.168.226.128,UDP,51051,1294,None
08:53:24,172.217.24.100,192.168.226.128,UDP,51051,1294,None
08:53:24,172.217.24.100,192.168.226.128,UDP,51051,1294,None
08:53:24,172.217.24.100,192.168.226.128,UDP,51051,1294,None
08:53:24,192.168.226.128,142.251.221.195,UDP,443,73,None
08:53:24,172.217.24.100,192.168.226.128,UDP,51051,1294,None
08:53:24,172.217.24.100,192.168.226.128,UDP,51051,1294,None
08:53:24,172.217.24.100,192.168.226.128,UDP,51051,1294,None
08:53:24,192.168.226.128,172.217.24.100,UDP,443,75,None
08:53:24,142.251.221.195,192.168.226.128,UDP,39234,69,None
08:53:24,172.217.24.100,192.168.226.128,UDP,51051,89,None
08:53:24,172.217.24.100,192.168.226.128,UDP,51051,1287,None
08:53:24,172.217.24.100,192.168.226.128,UDP,51051,1294,None
08:53:24,172.217.24.100,192.168.226.128,UDP,51051,1294,None
08:53:24,172.217.24.100,192.168.226.128,UDP,51051,1294,None
08:53:24,172.217.24.100,192.168.226.128,UDP,51051,1294,None
08:53:24,172.217.24.100,192.168.226.128,UDP,51051,1294,None
08:53:24,172.217.24.100,192.168.226.128,UDP,51051,1294,None
08:53:24,172.217.24.100,192.168.226.128,UDP,51051,1294,None
08:53:24,172.217.24.100,192.168.226.128,UDP,51051,1294,None
08:53:24,172.217.24.100,192.168.226.128,UDP,51051,1294,None
08:53:24,172.217.24.100,192.168.226.128,UDP,51051,1294,None
08:53:24,172.217.24.100,192.168.226.128,UDP,51051,1294,None
08:53:24,172.217.24.100,192.168.226.128,UDP,51051,1294,None
08:53:24,172.217.24.100,192.168.226.128,UDP,51051,1294,None
08:53:24,172.217.24.100,192.168.226.128,UDP,51051,1294,None
08:53:24,172.217.24.100,192.168.226.128,UDP,51051,1294,None
08:53:24,172.217.24.100,192.168.226.128,UDP,51051,1294,None
08:53:24,192.168.226.128,172.217.24.100,UDP,443,75,None
08:53:24,172.217.24.100,192.168.226.128,UDP,51051,1294,None
08:53:24,172.217.24.100,192.168.226.128,UDP,51051,1294,None
08:53:24,172.217.24.100,192.168.226.128,UDP,51051,1294,None
08:53:24,172.217.24.100,192.168.226.128,UDP,51051,1294,None
08:53:24,172.217.24.100,192.168.226.128,UDP,51051,1294,None
08:53:24,172.217.24.100,192.168.226.128,UDP,51051,1294,None
08:53:24,172.217.24.100,192.168.226.128,UDP,51051,1294,None
08:53:24,172.217.24.100,192.168.226.128,UDP,51051,1294,None
08:53:24,172.217.24.100,192.168.226.128,UDP,51051,1294,None
08:53:24,172.217.24.100,192.168.226.128,UDP,51051,1026,None
08:53:24,172.217.24.100,192.168.226.128,UDP,51051,1287,None
08:53:24,172.217.24.100,192.168.226.128,UDP,51051,1294,None
08:53:24,172.217.24.100,192.168.226.128,UDP,51051,1294,None
08:53:24,172.217.24.100,192.168.226.128,UDP,51051,1294,None
08:53:24,172.217.24.100,192.168.226.128,UDP,51051,1294,None
08:53:24,192.168.226.128,142.251.221.195,UDP,443,75,None
08:53:24,172.217.24.100,192.168.226.128,UDP,51051,1287,None
08:53:24,172.217.24.100,192.168.226.128,UDP,51051,1294,None
08:53:24,172.217.24.100,192.168.226.128,UDP,51051,1294,None
08:53:24,172.217.24.100,192.168.226.128,UDP,51051,1294,None
08:53:24,172.217.24.100,192.168.226.128,UDP,51051,1294,None
08:53:24,172.217.24.100,192.168.226.128,UDP,51051,1294,None
08:53:24,172.217.24.100,192.168.226.128,UDP,51051,1287,None
08:53:24,172.217.24.100,192.168.226.128,UDP,51051,1294,None
08:53:24,172.217.24.100,192.168.226.128,UDP,51051,1294,None
08:53:24,172.217.24.100,192.168.226.128,UDP,51051,1294,None
08:53:24,172.217.24.100,192.168.226.128,UDP,51051,1294,None
08:53:24,172.217.24.100,192.168.226.128,UDP,51051,1294,None
08:53:24,172.217.24.100,192.168.226.128,UDP,51051,1294,None
08:53:24,172.217.24.100,192.168.226.128,UDP,51051,1294,None
08:53:24,172.217.24.100,192.168.226.128,UDP,51051,1294,None
08:53:24,172.217.24.100,192.168.226.128,UDP,51051,1294,None
08:53:24,172.217.24.100,192.168.226.128,UDP,51051,1294,None
08:53:24,172.217.24.100,192.168.226.128,UDP,51051,1294,None
08:53:24,192.168.226.128,172.217.24.100,UDP,443,75,None
08:53:24,172.217.24.100,192.168.226.128,UDP,51051,1294,None
08:53:24,172.217.24.100,192.168.226.128,UDP,51051,1294,None
08:53:24,172.217.24.100,192.168.226.128,UDP,51051,1294,None
08:53:24,192.168.226.128,172.217.24.100,UDP,443,75,None
08:53:24,192.168.226.128,172.217.24.100,UDP,443,76,None
08:53:24,192.168.226.128,172.217.24.100,UDP,443,1294,None
08:53:24,192.168.226.128,172.217.24.100,UDP,443,1294,None
08:53:24,192.168.226.128,172.217.24.100,UDP,443,1245,None
08:53:24,172.217.24.100,192.168.226.128,UDP,51051,70,None
08:53:24,192.168.226.128,172.217.24.100,UDP,443,1245,None
08:53:24,192.168.226.128,172.217.24.100,UDP,443,71,None
08:53:24,172.217.24.100,192.168.226.128,UDP,51051,75,None
08:53:24,172.217.24.100,192.168.226.128,UDP,51051,68,None
08:53:24,172.217.24.100,192.168.226.128,UDP,51051,248,None
08:53:24,172.217.24.100,192.168.226.128,UDP,51051,67,None
08:53:24,172.217.24.100,192.168.226.128,UDP,51051,72,None
08:53:24,172.217.24.100,192.168.226.128,UDP,51051,70,None
08:53:24,192.168.226.128,172.217.24.100,UDP,443,82,None
08:53:24,172.217.24.100,192.168.226.128,UDP,51051,71,None
08:53:24,192.168.226.128,172.217.24.100,UDP,443,1294,None
08:53:24,192.168.226.128,172.217.24.100,UDP,443,1294,None
08:53:24,192.168.226.128,172.217.24.100,UDP,443,357,None
08:53:24,172.217.24.100,192.168.226.128,UDP,51051,75,None
08:53:24,192.168.226.128,172.217.24.100,UDP,443,74,None
08:53:24,172.217.24.100,192.168.226.128,UDP,51051,1290,None
08:53:24,172.217.24.100,192.168.226.128,UDP,51051,1294,None
08:53:24,172.217.24.100,192.168.226.128,UDP,51051,1294,None
08:53:24,172.217.24.100,192.168.226.128,UDP,51051,1294,None
08:53:24,172.217.24.100,192.168.226.128,UDP,51051,1294,None
08:53:24,172.217.24.100,192.168.226.128,UDP,51051,1294,None
08:53:24,172.217.24.100,192.168.226.128,UDP,51051,1294,None
08:53:24,172.217.24.100,192.168.226.128,UDP,51051,1294,None
08:53:24,172.217.24.100,192.168.226.128,UDP,51051,1294,None
08:53:24,172.217.24.100,192.168.226.128,UDP,51051,476,None
08:53:24,172.217.24.100,192.168.226.128,UDP,51051,124,None
08:53:24,192.168.226.128,172.217.24.100,UDP,443,79,None
08:53:24,172.217.24.100,192.168.226.128,UDP,51051,71,None
08:53:25,192.168.226.128,172.217.24.100,UDP,443,1294,None
08:53:25,192.168.226.128,172.217.24.100,UDP,443,953,None
08:53:25,172.217.24.100,192.168.226.128,UDP,51051,75,None
08:53:25,192.168.226.128,172.217.24.100,UDP,443,74,None
08:53:25,192.168.226.128,172.217.24.100,UDP,443,1294,None
08:53:25,192.168.226.128,172.217.24.100,UDP,443,1294,None
08:53:25,192.168.226.128,172.217.24.100,UDP,443,377,None
08:53:25,192.168.226.128,172.217.24.100,UDP,443,1294,None
08:53:25,192.168.226.128,172.217.24.100,UDP,443,1021,None
08:53:25,172.217.24.100,192.168.226.128,UDP,51051,75,None
08:53:25,192.168.226.128,172.217.24.100,UDP,443,74,None
08:53:25,172.217.24.100,192.168.226.128,UDP,51051,75,None
08:53:25,172.217.24.100,192.168.226.128,UDP,51051,273,None
08:53:25,192.168.226.128,172.217.24.100,UDP,443,85,None
08:53:25,172.217.24.100,192.168.226.128,UDP,51051,67,None
08:53:25,172.217.24.100,192.168.226.128,UDP,51051,75,None
08:53:25,192.168.226.128,172.217.24.100,UDP,443,74,None
08:53:25,192.168.226.128,192.168.226.2,UDP,53,75,None
08:53:25,192.168.226.128,192.168.226.2,UDP,53,75,None
08:53:25,192.168.226.128,192.168.226.2,UDP,53,75,None
08:53:25,192.168.226.2,192.168.226.128,UDP,42165,91,None
08:53:25,192.168.226.2,192.168.226.128,UDP,46944,125,None
08:53:25,192.168.226.2,192.168.226.128,UDP,42165,103,None
08:53:25,172.217.24.100,192.168.226.128,UDP,51051,250,None
08:53:25,172.217.24.100,192.168.226.128,UDP,51051,251,None
08:53:25,172.217.24.100,192.168.226.128,UDP,51051,67,None
08:53:25,172.217.24.100,192.168.226.128,UDP,51051,67,None
08:53:25,192.168.226.128,172.217.24.100,UDP,443,80,None
08:53:25,192.168.226.128,142.251.221.110,UDP,443,1294,None
08:53:25,192.168.226.128,142.251.221.110,UDP,443,1294,None
08:53:25,192.168.226.128,142.251.221.110,UDP,443,1294,None
08:53:25,192.168.226.128,142.251.221.110,UDP,443,1294,None
08:53:25,192.168.226.128,142.251.221.110,UDP,443,1294,None
08:53:25,192.168.226.128,142.251.221.110,UDP,443,1294,None
08:53:25,142.251.221.110,192.168.226.128,UDP,38821,85,None
08:53:25,142.251.221.110,192.168.226.128,UDP,38821,85,None
08:53:25,172.217.24.100,192.168.226.128,UDP,51051,71,None
08:53:25,142.251.221.110,192.168.226.128,UDP,38821,1294,None
08:53:25,142.251.221.110,192.168.226.128,UDP,38821,1294,None
08:53:25,142.251.221.110,192.168.226.128,UDP,51850,85,None
08:53:25,142.251.221.110,192.168.226.128,UDP,51850,85,None
08:53:25,142.251.221.110,192.168.226.128,UDP,51850,1294,None
08:53:25,142.251.221.110,192.168.226.128,UDP,51850,1294,None
08:53:25,192.168.226.128,142.251.221.110,UDP,443,1294,None
08:53:25,142.251.221.110,192.168.226.128,UDP,38821,1294,None
08:53:25,192.168.226.128,142.251.221.110,UDP,443,1294,None
08:53:25,192.168.226.128,142.251.221.110,UDP,443,1294,None
08:53:25,142.251.221.110,192.168.226.128,UDP,51850,1294,None
08:53:25,142.251.221.110,192.168.226.128,UDP,38821,1294,None
08:53:25,142.251.221.110,192.168.226.128,UDP,38821,350,None
08:53:25,142.251.221.110,192.168.226.128,UDP,51850,1294,None
08:53:25,142.251.221.110,192.168.226.128,UDP,51850,344,None
08:53:25,142.251.221.110,192.168.226.128,UDP,51850,659,None
08:53:25,142.251.221.110,192.168.226.128,UDP,51850,70,None
08:53:25,142.251.221.110,192.168.226.128,UDP,38821,659,None
08:53:25,142.251.221.110,192.168.226.128,UDP,38821,70,None
08:53:25,192.168.226.128,142.251.221.110,UDP,443,199,None
08:53:25,142.251.221.110,192.168.226.128,UDP,38821,72,None
08:53:25,192.168.226.128,142.251.221.110,UDP,443,270,None
08:53:25,142.251.221.110,192.168.226.128,UDP,38821,1294,None
08:53:25,142.251.221.110,192.168.226.128,UDP,38821,165,None
08:53:25,192.168.226.128,142.251.221.110,UDP,443,75,None
08:53:25,142.251.221.110,192.168.226.128,UDP,51850,165,None
08:53:25,192.168.226.128,142.251.221.110,UDP,443,74,None
08:53:25,142.251.221.110,192.168.226.128,UDP,38821,333,None
08:53:25,192.168.226.128,142.251.221.110,UDP,443,85,None
08:53:25,142.251.221.110,192.168.226.128,UDP,38821,66,None
08:53:25,192.168.226.128,142.251.221.110,UDP,443,1294,None
08:53:25,192.168.226.128,142.251.221.110,UDP,443,1294,None
08:53:25,192.168.226.128,142.251.221.110,UDP,443,128,None
08:53:25,142.251.221.110,192.168.226.128,UDP,38821,73,None
08:53:25,192.168.226.128,142.251.221.110,UDP,443,73,None
08:53:25,142.251.221.110,192.168.226.128,UDP,51850,68,None
08:53:25,192.168.226.128,172.217.24.100,UDP,443,1294,None
08:53:25,192.168.226.128,172.217.24.100,UDP,443,1294,None
08:53:25,192.168.226.128,172.217.24.100,UDP,443,1294,None
08:53:25,192.168.226.128,172.217.24.100,UDP,443,1294,None
08:53:25,192.168.226.128,172.217.24.100,UDP,443,301,None
08:53:25,142.251.221.110,192.168.226.128,UDP,51850,73,None
08:53:25,172.217.24.100,192.168.226.128,UDP,51051,76,None
08:53:25,192.168.226.128,172.217.24.100,UDP,443,74,None
08:53:25,192.168.226.128,142.251.221.110,UDP,443,73,None
08:53:25,172.217.24.100,192.168.226.128,UDP,51051,1289,None
08:53:25,172.217.24.100,192.168.226.128,UDP,51051,1294,None
08:53:25,172.217.24.100,192.168.226.128,UDP,51051,1294,None
08:53:25,172.217.24.100,192.168.226.128,UDP,51051,1294,None
08:53:25,172.217.24.100,192.168.226.128,UDP,51051,1294,None
08:53:25,172.217.24.100,192.168.226.128,UDP,51051,600,None
08:53:25,192.168.226.128,172.217.24.100,UDP,443,81,None
08:53:25,172.217.24.100,192.168.226.128,UDP,51051,71,None
08:53:25,192.168.226.128,172.217.24.100,UDP,443,1294,None
08:53:25,192.168.226.128,172.217.24.100,UDP,443,951,None
08:53:25,172.217.24.100,192.168.226.128,UDP,51051,75,None
08:53:25,192.168.226.128,172.217.24.100,UDP,443,74,None
08:53:25,142.251.221.110,192.168.226.128,UDP,51850,889,None
08:53:25,192.168.226.128,142.251.221.110,UDP,443,83,None
08:53:25,192.168.226.128,172.217.24.100,UDP,443,1294,None
08:53:25,192.168.226.128,172.217.24.100,UDP,443,1294,None
08:53:25,192.168.226.128,172.217.24.100,UDP,443,288,None
08:53:25,142.251.221.110,192.168.226.128,UDP,51850,258,None
08:53:25,142.251.221.110,192.168.226.128,UDP,51850,74,None
08:53:25,192.168.226.128,142.251.221.110,UDP,443,73,None
08:53:25,172.217.24.100,192.168.226.128,UDP,51051,74,None
08:53:25,192.168.226.128,172.217.24.100,UDP,443,74,None
08:53:25,192.168.226.128,142.251.221.110,UDP,443,1294,None
08:53:25,192.168.226.128,142.251.221.110,UDP,443,1294,None
08:53:25,192.168.226.128,142.251.221.110,UDP,443,163,None
08:53:25,142.251.221.110,192.168.226.128,UDP,51850,68,None
08:53:25,192.168.226.128,172.217.24.100,UDP,443,1294,None
08:53:25,192.168.226.128,172.217.24.100,UDP,443,1022,None
08:53:25,172.217.24.100,192.168.226.128,UDP,51051,75,None
08:53:25,192.168.226.128,172.217.24.100,UDP,443,74,None
08:53:25,172.217.24.100,192.168.226.128,UDP,51051,255,None
08:53:25,172.217.24.100,192.168.226.128,UDP,51051,68,None
08:53:25,192.168.226.128,172.217.24.100,UDP,443,79,None
08:53:25,142.251.221.110,192.168.226.128,UDP,51850,73,None
08:53:25,192.168.226.128,142.251.221.110,UDP,443,73,None
08:53:25,172.217.24.100,192.168.226.128,UDP,51051,71,None
08:53:25,192.168.226.128,172.217.24.100,UDP,443,1294,None
08:53:25,192.168.226.128,172.217.24.100,UDP,443,1294,None
08:53:25,192.168.226.128,172.217.24.100,UDP,443,212,None
08:53:25,192.168.226.128,172.217.24.100,UDP,443,1294,None
08:53:25,192.168.226.128,172.217.24.100,UDP,443,1294,None
08:53:25,192.168.226.128,172.217.24.100,UDP,443,171,None
08:53:25,172.217.24.100,192.168.226.128,UDP,51051,75,None
08:53:25,192.168.226.128,172.217.24.100,UDP,443,74,None
08:53:25,172.217.24.100,192.168.226.128,UDP,51051,72,None
08:53:25,172.217.24.100,192.168.226.128,UDP,51051,74,None
08:53:25,172.217.24.100,192.168.226.128,UDP,51051,1289,None
08:53:25,172.217.24.100,192.168.226.128,UDP,51051,265,None
08:53:25,192.168.226.128,172.217.24.100,UDP,443,80,None
08:53:25,172.217.24.100,192.168.226.128,UDP,51051,71,None
08:53:25,172.217.24.100,192.168.226.128,UDP,51051,1289,None
08:53:25,172.217.24.100,192.168.226.128,UDP,51051,1294,None
08:53:25,172.217.24.100,192.168.226.128,UDP,51051,1294,None
08:53:25,172.217.24.100,192.168.226.128,UDP,51051,1294,None
08:53:25,192.168.226.128,172.217.24.100,UDP,443,79,None
08:53:25,172.217.24.100,192.168.226.128,UDP,51051,1294,None
08:53:25,172.217.24.100,192.168.226.128,UDP,51051,1294,None
08:53:25,172.217.24.100,192.168.226.128,UDP,51051,1294,None
08:53:25,172.217.24.100,192.168.226.128,UDP,51051,1294,None
08:53:25,172.217.24.100,192.168.226.128,UDP,51051,401,None
08:53:25,172.217.24.100,192.168.226.128,UDP,51051,162,None
08:53:25,142.251.221.110,192.168.226.128,UDP,51850,667,None
08:53:25,142.251.221.110,192.168.226.128,UDP,51850,276,None
08:53:25,192.168.226.128,172.217.24.100,UDP,443,74,None
08:53:25,192.168.226.128,142.251.221.110,UDP,443,78,None
08:53:25,172.217.24.100,192.168.226.128,UDP,51051,71,None
08:53:25,172.217.24.100,192.168.226.128,UDP,51051,255,None
08:53:25,192.168.226.128,172.217.24.100,UDP,443,86,None
08:53:25,172.217.24.100,192.168.226.128,UDP,51051,68,None
08:53:25,172.217.24.100,192.168.226.128,UDP,51051,76,None
08:53:25,192.168.226.128,172.217.24.100,UDP,443,74,None
08:53:25,172.217.24.100,192.168.226.128,UDP,51051,770,None
08:53:25,192.168.226.128,172.217.24.100,UDP,443,87,None
08:53:25,172.217.24.100,192.168.226.128,UDP,51051,186,None
08:53:25,142.251.221.110,192.168.226.128,UDP,51850,69,None
08:53:25,172.217.24.100,192.168.226.128,UDP,51051,77,None
08:53:25,192.168.226.128,172.217.24.100,UDP,443,75,None
08:53:25,192.168.226.128,172.217.24.100,UDP,443,1294,None
08:53:25,192.168.226.128,172.217.24.100,UDP,443,1294,None
08:53:25,192.168.226.128,172.217.24.100,UDP,443,279,None
08:53:25,192.168.226.128,172.217.24.100,UDP,443,1294,None
08:53:25,192.168.226.128,172.217.24.100,UDP,443,1294,None
08:53:25,192.168.226.128,172.217.24.100,UDP,443,717,None
08:53:25,172.217.24.100,192.168.226.128,UDP,51051,75,None
08:53:25,192.168.226.128,172.217.24.100,UDP,443,75,None
08:53:25,172.217.24.100,192.168.226.128,UDP,51051,74,None
08:53:25,192.168.226.128,172.217.24.100,UDP,443,76,None
08:53:25,172.217.24.100,192.168.226.128,UDP,51051,1289,None
08:53:25,172.217.24.100,192.168.226.128,UDP,51051,1294,None
08:53:25,172.217.24.100,192.168.226.128,UDP,51051,1294,None
08:53:25,172.217.24.100,192.168.226.128,UDP,51051,1294,None
08:53:25,172.217.24.100,192.168.226.128,UDP,51051,1294,None
08:53:25,172.217.24.100,192.168.226.128,UDP,51051,1294,None
08:53:25,172.217.24.100,192.168.226.128,UDP,51051,1294,None
08:53:25,172.217.24.100,192.168.226.128,UDP,51051,609,None
08:53:25,172.217.24.100,192.168.226.128,UDP,51051,86,None
08:53:25,192.168.226.128,172.217.24.100,UDP,443,80,None
08:53:25,192.168.226.128,172.217.24.100,UDP,443,75,None
08:53:25,172.217.24.100,192.168.226.128,UDP,51051,1289,None
08:53:25,172.217.24.100,192.168.226.128,UDP,51051,1294,None
08:53:25,172.217.24.100,192.168.226.128,UDP,51051,1294,None
08:53:25,172.217.24.100,192.168.226.128,UDP,51051,1294,None
08:53:25,172.217.24.100,192.168.226.128,UDP,51051,1294,None
08:53:25,172.217.24.100,192.168.226.128,UDP,51051,1294,None
08:53:25,172.217.24.100,192.168.226.128,UDP,51051,1294,None
08:53:25,172.217.24.100,192.168.226.128,UDP,51051,1294,None
08:53:25,172.217.24.100,192.168.226.128,UDP,51051,1294,None
08:53:25,172.217.24.100,192.168.226.128,UDP,51051,1294,None
08:53:25,172.217.24.100,192.168.226.128,UDP,51051,1294,None
08:53:25,172.217.24.100,192.168.226.128,UDP,51051,1294,None
08:53:25,172.217.24.100,192.168.226.128,UDP,51051,1294,None
08:53:25,172.217.24.100,192.168.226.128,UDP,51051,1294,None
08:53:25,192.168.226.128,172.217.24.100,UDP,443,80,None
08:53:25,172.217.24.100,192.168.226.128,UDP,51051,1294,None
08:53:25,172.217.24.100,192.168.226.128,UDP,51051,1294,None
08:53:25,172.217.24.100,192.168.226.128,UDP,51051,1294,None
08:53:25,172.217.24.100,192.168.226.128,UDP,51051,1294,None
08:53:25,172.217.24.100,192.168.226.128,UDP,51051,1294,None
08:53:25,172.217.24.100,192.168.226.128,UDP,51051,1294,None
08:53:25,172.217.24.100,192.168.226.128,UDP,51051,1294,None
08:53:25,172.217.24.100,192.168.226.128,UDP,51051,1294,None
08:53:25,172.217.24.100,192.168.226.128,UDP,51051,1294,None
08:53:25,172.217.24.100,192.168.226.128,UDP,51051,1294,None
08:53:25,172.217.24.100,192.168.226.128,UDP,51051,1294,None
08:53:25,172.217.24.100,192.168.226.128,UDP,51051,1294,None
08:53:25,172.217.24.100,192.168.226.128,UDP,51051,1294,None
08:53:25,172.217.24.100,192.168.226.128,UDP,51051,1294,None
08:53:25,172.217.24.100,192.168.226.128,UDP,51051,1294,None
08:53:25,172.217.24.100,192.168.226.128,UDP,51051,1294,None
08:53:25,172.217.24.100,192.168.226.128,UDP,51051,1294,None
08:53:25,172.217.24.100,192.168.226.128,UDP,51051,1294,None
08:53:25,172.217.24.100,192.168.226.128,UDP,51051,1294,None
08:53:25,172.217.24.100,192.168.226.128,UDP,51051,1294,None
08:53:25,172.217.24.100,192.168.226.128,UDP,51051,1294,None
08:53:25,172.217.24.100,192.168.226.128,UDP,51051,1294,None
08:53:25,172.217.24.100,192.168.226.128,UDP,51051,1294,None
08:53:25,172.217.24.100,192.168.226.128,UDP,51051,704,None
08:53:25,192.168.226.128,172.217.24.100,UDP,443,75,None
08:53:25,172.217.24.100,192.168.226.128,UDP,51051,71,None
08:53:25,172.217.24.100,192.168.226.128,UDP,51051,1286,None
08:53:25,172.217.24.100,192.168.226.128,UDP,51051,1294,None
08:53:25,172.217.24.100,192.168.226.128,UDP,51051,1294,None
08:53:25,172.217.24.100,192.168.226.128,UDP,51051,1294,None
08:53:25,172.217.24.100,192.168.226.128,UDP,51051,1294,None
08:53:25,192.168.226.128,172.217.24.100,UDP,443,75,None
08:53:25,172.217.24.100,192.168.226.128,UDP,51051,1294,None
08:53:25,172.217.24.100,192.168.226.128,UDP,51051,1294,None
08:53:25,172.217.24.100,192.168.226.128,UDP,51051,1294,None
08:53:25,192.168.226.128,172.217.24.100,UDP,443,75,None
08:53:25,172.217.24.100,192.168.226.128,UDP,51051,1294,None
08:53:25,172.217.24.100,192.168.226.128,UDP,51051,1294,None
08:53:25,172.217.24.100,192.168.226.128,UDP,51051,1294,None
08:53:25,172.217.24.100,192.168.226.128,UDP,51051,1294,None
08:53:25,172.217.24.100,192.168.226.128,UDP,51051,1294,None
08:53:25,172.217.24.100,192.168.226.128,UDP,51051,539,None
08:53:25,172.217.24.100,192.168.226.128,UDP,51051,1286,None
08:53:25,172.217.24.100,192.168.226.128,UDP,51051,1294,None
08:53:25,172.217.24.100,192.168.226.128,UDP,51051,1294,None
08:53:25,172.217.24.100,192.168.226.128,UDP,51051,1294,None
08:53:25,172.217.24.100,192.168.226.128,UDP,51051,1294,None
08:53:25,172.217.24.100,192.168.226.128,UDP,51051,1294,None
08:53:25,192.168.226.128,172.217.24.100,UDP,443,75,None
08:53:25,172.217.24.100,192.168.226.128,UDP,51051,819,None
08:53:25,172.217.24.100,192.168.226.128,UDP,51051,228,None
08:53:25,192.168.226.128,172.217.24.100,UDP,443,75,None
08:53:25,192.168.226.128,172.217.24.100,UDP,443,1294,None
08:53:25,192.168.226.128,172.217.24.100,UDP,443,1294,None
08:53:25,192.168.226.128,172.217.24.100,UDP,443,331,None
08:53:25,172.217.24.100,192.168.226.128,UDP,51051,70,None
08:53:25,172.217.24.100,192.168.226.128,UDP,51051,75,None
08:53:25,192.168.226.128,172.217.24.100,UDP,443,75,None
08:53:25,172.217.24.100,192.168.226.128,UDP,51051,1289,None
08:53:25,172.217.24.100,192.168.226.128,UDP,51051,1294,None
08:53:25,172.217.24.100,192.168.226.128,UDP,51051,1294,None
08:53:25,172.217.24.100,192.168.226.128,UDP,51051,1294,None
08:53:25,172.217.24.100,192.168.226.128,UDP,51051,1294,None
08:53:25,172.217.24.100,192.168.226.128,UDP,51051,1294,None
08:53:25,172.217.24.100,192.168.226.128,UDP,51051,1294,None
08:53:25,172.217.24.100,192.168.226.128,UDP,51051,1294,None
08:53:25,172.217.24.100,192.168.226.128,UDP,51051,1294,None
08:53:25,172.217.24.100,192.168.226.128,UDP,51051,1190,None
08:53:25,192.168.226.128,172.217.24.100,UDP,443,80,None
08:53:25,172.217.24.100,192.168.226.128,UDP,51051,71,None
08:53:25,192.168.226.128,172.217.24.100,UDP,443,1294,None
08:53:25,192.168.226.128,172.217.24.100,UDP,443,1294,None
08:53:25,192.168.226.128,172.217.24.100,UDP,443,165,None
08:53:25,172.217.24.100,192.168.226.128,UDP,51051,75,None
08:53:25,192.168.226.128,172.217.24.100,UDP,443,75,None
08:53:25,172.217.24.100,192.168.226.128,UDP,51051,484,None
08:53:25,192.168.226.128,172.217.24.100,UDP,443,73,None
08:53:25,172.217.24.100,192.168.226.128,UDP,51051,71,None
08:53:25,192.168.226.128,172.217.24.100,UDP,443,75,None
08:53:25,192.168.226.128,172.217.24.100,UDP,443,1294,None
08:53:25,192.168.226.128,172.217.24.100,UDP,443,1294,None
08:53:25,192.168.226.128,172.217.24.100,UDP,443,164,None
08:53:25,172.217.24.100,192.168.226.128,UDP,51051,75,None
08:53:25,192.168.226.128,172.217.24.100,UDP,443,75,None
08:53:25,172.217.24.100,192.168.226.128,UDP,51051,821,None
08:53:25,192.168.226.128,172.217.24.100,UDP,443,73,None
08:53:25,172.217.24.100,192.168.226.128,UDP,51051,71,None
08:53:25,192.168.226.128,172.217.24.100,UDP,443,75,None
08:53:25,192.168.226.128,172.217.24.100,UDP,443,1294,None
08:53:25,192.168.226.128,172.217.24.100,UDP,443,1006,None
08:53:25,172.217.24.100,192.168.226.128,UDP,51051,75,None
08:53:25,192.168.226.128,172.217.24.100,UDP,443,75,None
08:53:25,172.217.24.100,192.168.226.128,UDP,51051,822,None
08:53:25,192.168.226.128,172.217.24.100,UDP,443,73,None
08:53:25,172.217.24.100,192.168.226.128,UDP,51051,71,None
08:53:25,192.168.226.128,172.217.24.100,UDP,443,75,None
08:53:26,192.168.226.128,172.217.24.100,UDP,443,1294,None
08:53:26,192.168.226.128,172.217.24.100,UDP,443,1294,None
08:53:26,192.168.226.128,172.217.24.100,UDP,443,1294,None
08:53:26,192.168.226.128,172.217.24.100,UDP,443,388,None
08:53:26,192.168.226.128,172.217.24.100,UDP,443,1294,None
08:53:26,192.168.226.128,172.217.24.100,UDP,443,1294,None
08:53:26,192.168.226.128,172.217.24.100,UDP,443,1294,None
08:53:26,192.168.226.128,172.217.24.100,UDP,443,387,None
08:53:26,192.168.226.128,172.217.24.100,UDP,443,1294,None
08:53:26,172.217.24.100,192.168.226.128,UDP,51051,74,None
08:53:26,192.168.226.128,172.217.24.100,UDP,443,1294,None
08:53:26,192.168.226.128,172.217.24.100,UDP,443,1294,None
08:53:26,192.168.226.128,172.217.24.100,UDP,443,387,None
08:53:26,192.168.226.128,172.217.24.100,UDP,443,75,None
08:53:26,172.217.24.100,192.168.226.128,UDP,51051,74,None
08:53:26,192.168.226.128,172.217.24.100,UDP,443,1294,None
08:53:26,192.168.226.128,172.217.24.100,UDP,443,1294,None
08:53:26,192.168.226.128,172.217.24.100,UDP,443,1294,None
08:53:26,192.168.226.128,172.217.24.100,UDP,443,387,None
08:53:26,192.168.226.128,172.217.24.100,UDP,443,1294,None
08:53:26,192.168.226.128,172.217.24.100,UDP,443,1294,None
08:53:26,192.168.226.128,172.217.24.100,UDP,443,1294,None
08:53:26,172.217.24.100,192.168.226.128,UDP,51051,75,None
08:53:26,192.168.226.128,172.217.24.100,UDP,443,395,None
08:53:26,172.217.24.100,192.168.226.128,UDP,51051,76,None
08:53:26,192.168.226.128,172.217.24.100,UDP,443,1294,None
08:53:26,192.168.226.128,172.217.24.100,UDP,443,1294,None
08:53:26,192.168.226.128,172.217.24.100,UDP,443,1294,None
08:53:26,192.168.226.128,172.217.24.100,UDP,443,387,None
08:53:26,192.168.226.128,172.217.24.100,UDP,443,75,None
08:53:26,172.217.24.100,192.168.226.128,UDP,51051,70,None
08:53:26,172.217.24.100,192.168.226.128,UDP,51051,78,None
08:53:26,192.168.226.128,172.217.24.100,UDP,443,75,None
08:53:26,172.217.24.100,192.168.226.128,UDP,51051,1289,None
08:53:26,172.217.24.100,192.168.226.128,UDP,51051,1294,None
08:53:26,172.217.24.100,192.168.226.128,UDP,51051,1294,None
08:53:26,192.168.226.128,172.217.24.100,UDP,443,80,None
08:53:26,172.217.24.100,192.168.226.128,UDP,51051,1294,None
08:53:26,172.217.24.100,192.168.226.128,UDP,51051,1294,None
08:53:26,172.217.24.100,192.168.226.128,UDP,51051,1294,None
08:53:26,172.217.24.100,192.168.226.128,UDP,51051,1294,None
08:53:26,172.217.24.100,192.168.226.128,UDP,51051,1294,None
08:53:26,192.168.226.128,172.217.24.100,UDP,443,75,None
08:53:26,172.217.24.100,192.168.226.128,UDP,51051,1294,None
08:53:26,172.217.24.100,192.168.226.128,UDP,51051,1294,None
08:53:26,172.217.24.100,192.168.226.128,UDP,51051,1294,None
08:53:26,172.217.24.100,192.168.226.128,UDP,51051,1042,None
08:53:26,192.168.226.128,172.217.24.100,UDP,443,86,None
08:53:26,172.217.24.100,192.168.226.128,UDP,51051,69,None
08:53:26,172.217.24.100,192.168.226.128,UDP,51051,70,None
08:53:26,172.217.24.100,192.168.226.128,UDP,51051,77,None
08:53:26,192.168.226.128,172.217.24.100,UDP,443,75,None
08:53:26,172.217.24.100,192.168.226.128,UDP,51051,1289,None
08:53:26,172.217.24.100,192.168.226.128,UDP,51051,1294,None
08:53:26,172.217.24.100,192.168.226.128,UDP,51051,1294,None
08:53:26,192.168.226.128,172.217.24.100,UDP,443,80,None
08:53:26,172.217.24.100,192.168.226.128,UDP,51051,1294,None
08:53:26,172.217.24.100,192.168.226.128,UDP,51051,1294,None
08:53:26,172.217.24.100,192.168.226.128,UDP,51051,1294,None
08:53:26,172.217.24.100,192.168.226.128,UDP,51051,1294,None
08:53:26,172.217.24.100,192.168.226.128,UDP,51051,1294,None
08:53:26,172.217.24.100,192.168.226.128,UDP,51051,1294,None
08:53:26,172.217.24.100,192.168.226.128,UDP,51051,1294,None
08:53:26,172.217.24.100,192.168.226.128,UDP,51051,435,None
08:53:26,172.217.24.100,192.168.226.128,UDP,51051,69,None
08:53:26,192.168.226.128,172.217.24.100,UDP,443,75,None
08:53:26,172.217.24.100,192.168.226.128,UDP,51051,1289,None
08:53:26,172.217.24.100,192.168.226.128,UDP,51051,1294,None
08:53:26,172.217.24.100,192.168.226.128,UDP,51051,1294,None
08:53:26,172.217.24.100,192.168.226.128,UDP,51051,1294,None
08:53:26,172.217.24.100,192.168.226.128,UDP,51051,1294,None
08:53:26,172.217.24.100,192.168.226.128,UDP,51051,1294,None
08:53:26,172.217.24.100,192.168.226.128,UDP,51051,1294,None
08:53:26,172.217.24.100,192.168.226.128,UDP,51051,1294,None
08:53:26,172.217.24.100,192.168.226.128,UDP,51051,778,None
08:53:26,172.217.24.100,192.168.226.128,UDP,51051,69,None
08:53:26,192.168.226.128,172.217.24.100,UDP,443,82,None
08:53:26,172.217.24.100,192.168.226.128,UDP,51051,71,None
08:53:26,192.168.226.128,172.217.24.100,UDP,443,1294,None
08:53:26,192.168.226.128,172.217.24.100,UDP,443,1294,None
08:53:26,192.168.226.128,172.217.24.100,UDP,443,1294,None
08:53:26,192.168.226.128,172.217.24.100,UDP,443,487,None
08:53:26,172.217.24.100,192.168.226.128,UDP,51051,75,None
08:53:26,192.168.226.128,172.217.24.100,UDP,443,75,None
08:53:26,172.217.24.100,192.168.226.128,UDP,51051,71,None
08:53:26,172.217.24.100,192.168.226.128,UDP,51051,76,None
08:53:26,172.217.24.100,192.168.226.128,UDP,51051,102,None
08:53:26,172.217.24.100,192.168.226.128,UDP,51051,1294,None
08:53:26,172.217.24.100,192.168.226.128,UDP,51051,1294,None
08:53:26,172.217.24.100,192.168.226.128,UDP,51051,1294,None
08:53:26,172.217.24.100,192.168.226.128,UDP,51051,1294,None
08:53:26,172.217.24.100,192.168.226.128,UDP,51051,1294,None
08:53:26,172.217.24.100,192.168.226.128,UDP,51051,1294,None
08:53:26,172.217.24.100,192.168.226.128,UDP,51051,1294,None
08:53:26,172.217.24.100,192.168.226.128,UDP,51051,1294,None
08:53:26,172.217.24.100,192.168.226.128,UDP,51051,1294,None
08:53:26,172.217.24.100,192.168.226.128,UDP,51051,1294,None
08:53:26,172.217.24.100,192.168.226.128,UDP,51051,1294,None
08:53:26,172.217.24.100,192.168.226.128,UDP,51051,1294,None
08:53:26,172.217.24.100,192.168.226.128,UDP,51051,380,None
08:53:26,172.217.24.100,192.168.226.128,UDP,51051,1288,None
08:53:26,172.217.24.100,192.168.226.128,UDP,51051,1294,None
08:53:26,172.217.24.100,192.168.226.128,UDP,51051,277,None
08:53:26,172.217.24.100,192.168.226.128,UDP,51051,71,None
08:53:26,192.168.226.128,172.217.24.100,UDP,443,81,None
08:53:26,172.217.24.100,192.168.226.128,UDP,51051,71,None
08:53:26,172.217.24.100,192.168.226.128,UDP,51051,1289,None
08:53:26,172.217.24.100,192.168.226.128,UDP,51051,1294,None
08:53:26,172.217.24.100,192.168.226.128,UDP,51051,1294,None
08:53:26,172.217.24.100,192.168.226.128,UDP,51051,1294,None
08:53:26,172.217.24.100,192.168.226.128,UDP,51051,1294,None
08:53:26,172.217.24.100,192.168.226.128,UDP,51051,1294,None
08:53:26,172.217.24.100,192.168.226.128,UDP,51051,1294,None
08:53:26,172.217.24.100,192.168.226.128,UDP,51051,1294,None
08:53:26,172.217.24.100,192.168.226.128,UDP,51051,1294,None
08:53:26,172.217.24.100,192.168.226.128,UDP,51051,1294,None
08:53:26,172.217.24.100,192.168.226.128,UDP,51051,1294,None
08:53:26,192.168.226.128,172.217.24.100,UDP,443,81,None
08:53:26,192.168.226.128,172.217.24.100,UDP,443,75,None
08:53:26,172.217.24.100,192.168.226.128,UDP,51051,1294,None
08:53:26,172.217.24.100,192.168.226.128,UDP,51051,424,None
08:53:26,172.217.24.100,192.168.226.128,UDP,51051,1288,None
08:53:26,172.217.24.100,192.168.226.128,UDP,51051,1294,None
08:53:26,172.217.24.100,192.168.226.128,UDP,51051,1246,None
08:53:26,172.217.24.100,192.168.226.128,UDP,51051,71,None
08:53:26,192.168.226.128,172.217.24.100,UDP,443,75,None
08:53:26,172.217.24.100,192.168.226.128,UDP,51051,71,None
08:53:26,172.217.24.100,192.168.226.128,UDP,51051,1289,None
08:53:26,172.217.24.100,192.168.226.128,UDP,51051,1294,None
08:53:26,172.217.24.100,192.168.226.128,UDP,51051,1294,None
08:53:26,172.217.24.100,192.168.226.128,UDP,51051,1294,None
08:53:26,172.217.24.100,192.168.226.128,UDP,51051,1294,None
08:53:26,172.217.24.100,192.168.226.128,UDP,51051,1294,None
08:53:26,172.217.24.100,192.168.226.128,UDP,51051,1294,None
08:53:26,172.217.24.100,192.168.226.128,UDP,51051,1294,None
08:53:26,172.217.24.100,192.168.226.128,UDP,51051,1294,None
08:53:26,172.217.24.100,192.168.226.128,UDP,51051,1294,None
08:53:26,172.217.24.100,192.168.226.128,UDP,51051,1294,None
08:53:26,172.217.24.100,192.168.226.128,UDP,51051,740,None
08:53:26,172.217.24.100,192.168.226.128,UDP,51051,69,None
08:53:26,192.168.226.128,172.217.24.100,UDP,443,81,None
08:53:26,192.168.226.128,172.217.24.100,UDP,443,75,None
08:53:26,172.217.24.100,192.168.226.128,UDP,51051,71,None
08:53:26,192.168.226.128,172.217.24.100,UDP,443,1294,None
08:53:26,192.168.226.128,172.217.24.100,UDP,443,990,None
08:53:26,172.217.24.100,192.168.226.128,UDP,51051,76,None
08:53:26,192.168.226.128,172.217.24.100,UDP,443,75,None
08:53:26,172.217.24.100,192.168.226.128,UDP,51051,1289,None
08:53:26,172.217.24.100,192.168.226.128,UDP,51051,544,None
08:53:26,192.168.226.128,172.217.24.100,UDP,443,81,None
08:53:26,172.217.24.100,192.168.226.128,UDP,51051,71,None
08:53:26,172.217.24.100,192.168.226.128,UDP,51051,255,None
08:53:26,172.217.24.100,192.168.226.128,UDP,51051,68,None
08:53:26,192.168.226.128,172.217.24.100,UDP,443,81,None
08:53:26,172.217.24.100,192.168.226.128,UDP,51051,71,None
08:53:27,192.168.226.128,192.168.226.2,UDP,53,74,None
08:53:27,192.168.226.128,192.168.226.2,UDP,53,74,None
08:53:27,192.168.226.128,192.168.226.2,UDP,53,74,None
08:53:27,192.168.226.2,192.168.226.128,UDP,47610,111,None
08:53:27,192.168.226.2,192.168.226.128,UDP,38396,145,None
08:53:27,192.168.226.2,192.168.226.128,UDP,47610,123,None
08:53:27,192.168.226.128,142.251.223.174,UDP,443,1294,None
08:53:27,192.168.226.128,142.251.223.174,UDP,443,1294,None
08:53:27,192.168.226.128,142.251.223.174,UDP,443,1294,None
08:53:27,192.168.226.128,142.251.223.174,UDP,443,1294,None
08:53:27,192.168.226.128,142.251.223.174,UDP,443,399,None
08:53:27,142.251.223.174,192.168.226.128,UDP,38035,85,None
08:53:27,142.251.223.174,192.168.226.128,UDP,38035,85,None
08:53:27,142.251.223.174,192.168.226.128,UDP,38035,1294,None
08:53:27,142.251.223.174,192.168.226.128,UDP,38035,1294,None
08:53:27,142.251.223.174,192.168.226.128,UDP,38035,1294,None
08:53:27,142.251.223.174,192.168.226.128,UDP,38035,358,None
08:53:27,142.251.223.174,192.168.226.128,UDP,38035,659,None
08:53:27,142.251.223.174,192.168.226.128,UDP,38035,70,None
08:53:27,142.251.223.174,192.168.226.128,UDP,38035,67,None
08:53:27,192.168.226.128,142.251.223.174,UDP,443,199,None
08:53:27,142.251.223.174,192.168.226.128,UDP,38035,165,None
08:53:27,192.168.226.128,142.251.223.174,UDP,443,74,None
08:53:27,142.251.223.174,192.168.226.128,UDP,38035,1290,None
08:53:27,142.251.223.174,192.168.226.128,UDP,38035,1290,None
08:53:27,142.251.223.174,192.168.226.128,UDP,38035,1294,None
08:53:27,142.251.223.174,192.168.226.128,UDP,38035,1294,None
08:53:27,142.251.223.174,192.168.226.128,UDP,38035,1294,None
08:53:27,142.251.223.174,192.168.226.128,UDP,38035,1294,None
08:53:27,142.251.223.174,192.168.226.128,UDP,38035,1294,None
08:53:27,142.251.223.174,192.168.226.128,UDP,38035,1294,None
08:53:27,142.251.223.174,192.168.226.128,UDP,38035,1294,None
08:53:27,142.251.223.174,192.168.226.128,UDP,38035,432,None
08:53:27,192.168.226.128,142.251.223.174,UDP,443,79,None
08:53:27,192.168.226.128,192.168.226.2,UDP,53,75,None
08:53:27,192.168.226.128,192.168.226.2,UDP,53,75,None
08:53:27,192.168.226.128,192.168.226.2,UDP,53,75,None
08:53:27,142.251.223.174,192.168.226.128,UDP,38035,1289,None
08:53:27,142.251.223.174,192.168.226.128,UDP,38035,1294,None
08:53:27,142.251.223.174,192.168.226.128,UDP,38035,847,None
08:53:27,192.168.226.128,142.251.223.174,UDP,443,73,None
08:53:27,142.251.223.174,192.168.226.128,UDP,38035,1289,None
08:53:27,142.251.223.174,192.168.226.128,UDP,38035,1294,None
08:53:27,142.251.223.174,192.168.226.128,UDP,38035,1294,None
08:53:27,142.251.223.174,192.168.226.128,UDP,38035,1294,None
08:53:27,142.251.223.174,192.168.226.128,UDP,38035,640,None
08:53:27,142.251.223.174,192.168.226.128,UDP,38035,314,None
08:53:27,192.168.226.2,192.168.226.128,UDP,35002,132,None
08:53:27,192.168.226.128,142.251.223.174,UDP,443,73,None
08:53:27,192.168.226.128,192.168.226.2,UDP,53,75,None
08:53:27,192.168.226.2,192.168.226.128,UDP,52183,91,None
08:53:27,192.168.226.2,192.168.226.128,UDP,52183,103,None
08:53:27,192.168.226.2,192.168.226.128,UDP,40359,91,None
08:53:27,192.168.226.128,142.250.182.67,TCP,443,74,None
08:53:27,142.250.182.67,192.168.226.128,TCP,53454,60,None
08:53:27,192.168.226.128,142.250.182.67,TCP,443,54,None
08:53:27,192.168.226.128,142.250.182.67,TCP,443,2525,LARGE_PACKET_DETECTED
08:53:27,192.168.226.128,142.250.182.67,TCP,443,60,None
08:53:27,192.168.226.128,142.250.182.67,TCP,443,146,None
08:53:27,142.250.182.67,192.168.226.128,TCP,53454,60,None
08:53:27,142.250.182.67,192.168.226.128,TCP,53454,60,None
08:53:27,142.250.182.67,192.168.226.128,TCP,53454,60,None
08:53:27,142.250.182.67,192.168.226.128,TCP,53454,60,None
08:53:27,142.250.182.67,192.168.226.128,TCP,53454,1974,LARGE_PACKET_DETECTED
08:53:27,142.250.182.67,192.168.226.128,TCP,53454,85,None
08:53:27,192.168.226.128,142.250.182.67,TCP,443,54,None
08:53:27,192.168.226.128,142.250.182.67,TCP,443,54,None
08:53:27,192.168.226.128,142.250.182.67,TCP,443,138,None
08:53:27,142.250.182.67,192.168.226.128,TCP,53454,60,None
08:53:27,192.168.226.128,142.250.182.67,TCP,443,85,None
08:53:27,142.250.182.67,192.168.226.128,TCP,53454,60,None
08:53:27,192.168.226.128,142.251.221.195,UDP,443,1067,None
08:53:27,142.251.221.195,192.168.226.128,UDP,39234,1290,None
08:53:27,142.251.221.195,192.168.226.128,UDP,39234,1294,None
08:53:27,192.168.226.128,142.251.221.195,UDP,443,78,None
08:53:27,142.251.221.195,192.168.226.128,UDP,39234,1294,None
08:53:27,142.251.221.195,192.168.226.128,UDP,39234,1294,None
08:53:27,142.251.221.195,192.168.226.128,UDP,39234,1294,None
08:53:27,142.251.221.195,192.168.226.128,UDP,39234,1294,None
08:53:27,142.251.221.195,192.168.226.128,UDP,39234,1294,None
08:53:27,142.251.221.195,192.168.226.128,UDP,39234,454,None
08:53:27,192.168.226.128,142.251.221.195,UDP,443,73,None
08:53:27,142.251.221.195,192.168.226.128,UDP,39234,70,None
08:53:27,192.168.226.128,142.251.221.195,UDP,443,1072,None
08:53:27,142.251.221.195,192.168.226.128,UDP,39234,1290,None
08:53:27,142.251.221.195,192.168.226.128,UDP,39234,1294,None
08:53:27,142.251.221.195,192.168.226.128,UDP,39234,1294,None
08:53:27,142.251.221.195,192.168.226.128,UDP,39234,1294,None
08:53:27,142.251.221.195,192.168.226.128,UDP,39234,1294,None
08:53:27,142.251.221.195,192.168.226.128,UDP,39234,1294,None
08:53:27,142.251.221.195,192.168.226.128,UDP,39234,1294,None
08:53:27,142.251.221.195,192.168.226.128,UDP,39234,404,None
08:53:27,192.168.226.128,142.251.221.195,UDP,443,79,None
08:53:27,192.168.226.128,142.251.221.195,UDP,443,74,None
08:53:27,142.251.221.195,192.168.226.128,UDP,39234,70,None
08:53:30,192.168.226.128,184.105.99.43,TCP,443,89,None
08:53:30,184.105.99.43,192.168.226.128,TCP,42404,60,None
08:53:30,192.168.226.128,34.107.243.93,TCP,443,82,None
08:53:30,34.107.243.93,192.168.226.128,TCP,33086,60,None
08:53:30,192.168.226.128,34.107.243.93,TCP,443,93,None
08:53:30,192.168.226.128,184.105.99.43,TCP,443,93,None
08:53:30,34.107.243.93,192.168.226.128,TCP,33084,60,None
08:53:30,184.105.99.43,192.168.226.128,TCP,42404,60,None
08:53:30,192.168.226.128,142.250.182.67,TCP,443,93,None
08:53:30,142.250.182.67,192.168.226.128,TCP,53454,60,None
08:53:30,192.168.226.128,151.101.157.91,TCP,443,100,None
08:53:30,151.101.157.91,192.168.226.128,TCP,37322,60,None
08:53:30,192.168.226.128,142.250.182.67,TCP,443,78,None
08:53:30,192.168.226.128,142.250.182.67,TCP,443,54,None
08:53:30,142.250.182.67,192.168.226.128,TCP,53454,60,None
08:53:30,142.250.182.67,192.168.226.128,TCP,53454,60,None
08:53:30,192.168.226.128,184.105.99.43,TCP,443,78,None
08:53:30,184.105.99.43,192.168.226.128,TCP,42404,60,None
08:53:30,192.168.226.128,184.105.99.43,TCP,443,54,None
08:53:30,184.105.99.43,192.168.226.128,TCP,42404,60,None
08:53:30,192.168.226.128,34.107.243.93,TCP,443,78,None
08:53:30,34.107.243.93,192.168.226.128,TCP,33084,60,None
08:53:30,192.168.226.128,34.107.243.93,TCP,443,54,None
08:53:30,34.107.243.93,192.168.226.128,TCP,33084,60,None
08:53:30,142.250.182.67,192.168.226.128,TCP,53454,60,None
08:53:30,192.168.226.128,142.250.182.67,TCP,443,54,None
08:53:30,34.107.243.93,192.168.226.128,TCP,33084,60,None
08:53:30,192.168.226.128,34.107.243.93,TCP,443,54,None
08:53:30,192.168.226.128,151.101.157.91,TCP,443,85,None
08:53:30,192.168.226.128,151.101.157.91,TCP,443,54,None
08:53:30,151.101.157.91,192.168.226.128,TCP,37322,60,None
08:53:30,151.101.157.91,192.168.226.128,TCP,37322,60,None
08:53:30,192.168.226.128,34.107.243.93,TCP,443,78,None
08:53:30,192.168.226.128,34.107.243.93,TCP,443,54,None
08:53:30,34.107.243.93,192.168.226.128,TCP,33086,60,None
08:53:30,34.107.243.93,192.168.226.128,TCP,33086,60,None
08:53:30,151.101.157.91,192.168.226.128,TCP,37322,85,None
08:53:30,192.168.226.128,151.101.157.91,TCP,443,54,None
08:53:30,34.107.243.93,192.168.226.128,TCP,33086,60,None
08:53:30,192.168.226.128,34.107.243.93,TCP,443,54,None
08:53:31,184.105.99.43,192.168.226.128,TCP,42404,78,None
08:53:31,192.168.226.128,184.105.99.43,TCP,443,54,None
08:54:33,192.168.226.1,224.0.0.251,UDP,5353,366,None
08:54:33,192.168.226.1,224.0.0.251,UDP,5353,93,None
08:54:33,192.168.226.1,224.0.0.251,UDP,5353,93,None
08:54:33,192.168.226.1,224.0.0.251,UDP,5353,93,None
08:54:33,192.168.226.1,224.0.0.251,UDP,5353,431,None
08:54:33,192.168.226.1,224.0.0.251,UDP,5353,367,None
